Workbook

Sheet 1. Raw-Dataset
A1: 3427 | B1: 20/09/2019 | C1: 50 | D1: 07/10/1969 | E1: MA | F1: Female | G1: Widowed | H1: Production Technician I | I1: Active | J1: Contract | K1: Zone C | L1: Production | M1: Finance & Accounting | N1: White | O1: Fully Meets | P1: 2
A2: 3428 | B2: 44968 | C2: 58 | D2: 23984 | E2: MA | F2: Male | G2: Widowed | H2: Production Technician I | I2: Active | J2: Contract | K2: Zone A | L2: Production | M2: Aerial | N2: Hispanic | O2: Fully Meets | P2: 1
A3: 3429 | B3: 43444 | C3: 27 | D3: 33517 | E3: MA | F3: Male | G3: Widowed | H3: Area Sales Manager | I3: Active | J3: Full-Time | K3: Zone B | L3: Sales | M3: General - Sga | N3: Hispanic | O3: Fully Meets | P3: 2
A4: 3430 | B4: 44368 | C4: 23 | D4: 35889 | E4: ND | F4: Male | G4: Single | H4: Area Sales Manager | I4: Active | J4: Contract | K4: Zone A | L4: Sales | M4: Finance & Accounting | N4: Other | O4: Fully Meets | P4: 5
A5: 3431 | B5: 43645 | C5: 50 | D5: 25444 | E5: FL | F5: Female | G5: Married | H5: Area Sales Manager | I5: Active | J5: Contract | K5: Zone A | L5: Sales | M5: General - Con | N5: Other | O5: Fully Meets | P5: 5
A6: 3432 | B6: 43847 | C6: 71 | D6: 17991 | E6: CT | F6: Male | G6: Married | H6: Area Sales Manager | I6: Active | J6: Contract | K6: Zone B | L6: Sales | M6: Field Operations | N6: Black | O6: Fully Meets | P6: 3
A7: 3433 | B7: 44657 | C7: 80 | D7: 15523 | E7: CA | F7: Female | G7: Divorced | H7: Area Sales Manager | I7: Active | J7: Full-Time | K7: Zone B | L7: Sales | M7: General - Eng | N7: Hispanic | O7: Exceeds | P7: 5
A8: 3434 | B8: 44141 | C8: 63 | D8: 20886 | E8: OR | F8: Female | G8: Divorced | H8: Area Sales Manager | I8: Active | J8: Contract | K8: Zone C | L8: Sales | M8: Engineers | N8: White | O8: Fully Meets | P8: 4
A9: 3435 | B9: 43330 | C9: 44 | D9: 27164 | E9: TX | F9: Male | G9: Widowed | H9: Area Sales Manager | I9: Active | J9: Contract | K9: Zone B | L9: Sales | M9: Executive | N9: Black | O9: Exceeds | P9: 3
A10: 3436 | B10: 44582 | C10: 73 | D10: 18213 | E10: TX | F10: Male | G10: Widowed | H10: Area Sales Manager | I10: Active | J10: Part-Time | K10: Zone B | L10: Sales | M10: Engineers | N10: Asian | O10: Fully Meets | P10: 5
A11: 3437 | B11: 45142 | C11: 59 | D11: 23402 | E11: IN | F11: Female | G11: Single | H11: Area Sales Manager | I11: Active | J11: Contract | K11: Zone B | L11: Sales | M11: Field Operations | N11: Other | O11: Fully Meets | P11: 2
A12: 3438 | B12: 43322 | C12: 70 | D12: 17629 | E12: GA | F12: Female | G12: Married | H12: Area Sales Manager | I12: Active | J12: Full-Time | K12: Zone C | L12: Sales | M12: General - Con | N12: Asian | O12: Fully Meets | P12: 2
A13: 3439 | B13: 44706 | C13: 41 | D13: 29914 | E13: CO | F13: Male | G13: Single | H13: Area Sales Manager | I13: Active | J13: Full-Time | K13: Zone A | L13: Sales | M13: Splicing | N13: Other | O13: Fully Meets | P13: 2
... A2845: 3426 | B2845: 44678 | C2845: 32 | D2845: 33127 | E2845: MA | F2845: Female | G2845: Married | H2845: Production Technician I | I2845: Active | J2845: Full-Time | K2845: Zone B | L2845: Production | M2845: Field Operations | N2845: White | O2845: Fully Meets | P2845: 3

Sheet 2. Cleaned-Dataset
A1: Employee_ID | B1: Joining Year | C1: Joining_Date | D1: Age Range | E1: Age | F1: DOB | G1: States Full Form | H1: State | I1: GenderCode | J1: Marital_Status | K1: Employee_Title | L1: Employee_Status | M1: Job_Type | N1: PayZone | O1: DepartmentType | P1: Division | Q1: Race | R1: Performance_Score | S1: Satisfaction_Score
A2: 2038 | B2: =YEAR(Cleaned_HR_Data_Analysis__2[[#This Row],[Joining_Date]]) -> 2018 | C2: 43345 | D2: {=_xlfn.IFS(E2<28, "17-27", AND(E2>27, E2<38), "28-37", AND(E2>37, E2 <48), "38-47", AND(E2>47, E2 <58), "48-57", AND(E2>57, E2<68), "58-67", AND(E2>67, E2<78), "68-77", E2>77,"Above than 77")} -> 17-27 | E2: 17 | F2: 37015 | G2: =VLOOKUP(H2,Table7[#All], 2, FALSE) -> Massachusetts | H2: MA | I2: Female | J2: Married | K2: Production Technician I | L2: Active | M2: Part-Time | N2: Zone A | O2: Production | P2: Splicing | Q2: Black | R2: Fully Meets | S2: 3
A3: 1743 | B3: =YEAR(Cleaned_HR_Data_Analysis__2[[#This Row],[Joining_Date]]) -> 2018 | C3: 43434 | D3: {=_xlfn.IFS(E3<28, "17-27", AND(E3>27, E3<38), "28-37", AND(E3>37, E3 <48), "38-47", AND(E3>47, E3 <58), "48-57", AND(E3>57, E3<68), "58-67", AND(E3>67, E3<78), "68-77", E3>77,"Above than 77")} -> 17-27 | E3: 17 | F3: 37045 | G3: =VLOOKUP(H3,Table7[#All], 2, FALSE) -> Massachusetts | H3: MA | I3: Male | J3: Single | K3: Production Technician I | L3: Active | M3: Full-Time | N3: Zone C | O3: Production | P3: Splicing | Q3: Black | R3: Fully Meets | S3: 1
A4: 3238 | B4: =YEAR(Cleaned_HR_Data_Analysis__2[[#This Row],[Joining_Date]]) -> 2018 | C4: 43438 | D4: {=_xlfn.IFS(E4<28, "17-27", AND(E4>27, E4<38), "28-37", AND(E4>37, E4 <48), "38-47", AND(E4>47, E4 <58), "48-57", AND(E4>57, E4<68), "58-67", AND(E4>67, E4<78), "68-77", E4>77,"Above than 77")} -> 17-27 | E4: 18 | F4: 36773 | G4: =VLOOKUP(H4,Table7[#All], 2, FALSE) -> Massachusetts | H4: MA | I4: Male | J4: Divorced | K4: Production Technician II | L4: Terminated | M4: Contract | N4: Zone A | O4: Production | P4: Wireline Construction | Q4: Other | R4: Fully Meets | S4: 3
A5: 3028 | B5: =YEAR(Cleaned_HR_Data_Analysis__2[[#This Row],[Joining_Date]]) -> 2018 | C5: 43322 | D5: {=_xlfn.IFS(E5<28, "17-27", AND(E5>27, E5<38), "28-37", AND(E5>37, E5 <48), "38-47", AND(E5>47, E5 <58), "48-57", AND(E5>57, E5<68), "58-67", AND(E5>67, E5<78), "68-77", E5>77,"Above than 77")} -> 17-27 | E5: 18 | F5: 36648 | G5: =VLOOKUP(H5,Table7[#All], 2, FALSE) -> Massachusetts | H5: MA | I5: Female | J5: Married | K5: Production Technician II | L5: Terminated | M5: Contract | N5: Zone B | O5: Production | P5: Engineers | Q5: Asian | R5: Fully Meets | S5: 4
A6: 2786 | B6: =YEAR(Cleaned_HR_Data_Analysis__2[[#This Row],[Joining_Date]]) -> 2018 | C6: 43463 | D6: {=_xlfn.IFS(E6<28, "17-27", AND(E6>27, E6<38), "28-37", AND(E6>37, E6 <48), "38-47", AND(E6>47, E6 <58), "48-57", AND(E6>57, E6<68), "58-67", AND(E6>67, E6<78), "68-77", E6>77,"Above than 77")} -> 17-27 | E6: 18 | F6: 36720 | G6: =VLOOKUP(H6,Table7[#All], 2, FALSE) -> Massachusetts | H6: MA | I6: Female | J6: Widowed | K6: Production Technician II | L6: Active | M6: Contract | N6: Zone A | O6: Production | P6: Field Operations | Q6: Asian | R6: Fully Meets | S6: 3
A7: 1127 | B7: =YEAR(Cleaned_HR_Data_Analysis__2[[#This Row],[Joining_Date]]) -> 2019 | C7: 43522 | D7: {=_xlfn.IFS(E7<28, "17-27", AND(E7>27, E7<38), "28-37", AND(E7>37, E7 <48), "38-47", AND(E7>47, E7 <58), "48-57", AND(E7>57, E7<68), "58-67", AND(E7>67, E7<78), "68-77", E7>77,"Above than 77")} -> 17-27 | E7: 18 | F7: 36978 | G7: =VLOOKUP(H7,Table7[#All], 2, FALSE) -> Massachusetts | H7: MA | I7: Male | J7: Married | K7: Production Technician II | L7: Active | M7: Full-Time | N7: Zone A | O7: Production | P7: General - Con | Q7: White | R7: Fully Meets | S7: 1
A8: 3656 | B8: =YEAR(Cleaned_HR_Data_Analysis__2[[#This Row],[Joining_Date]]) -> 2019 | C8: 43814 | D8: {=_xlfn.IFS(E8<28, "17-27", AND(E8>27, E8<38), "28-37", AND(E8>37, E8 <48), "38-47", AND(E8>47, E8 <58), "48-57", AND(E8>57, E8<68), "58-67", AND(E8>67, E8<78), "68-77", E8>77,"Above than 77")} -> 17-27 | E8: 18 | F8: 36995 | G8: =VLOOKUP(H8,Table7[#All], 2, FALSE) -> Massachusetts | H8: MA | I8: Male | J8: Divorced | K8: Production Technician I | L8: Active | M8: Part-Time | N8: Zone B | O8: Production | P8: Underground | Q8: Hispanic | R8: Exceeds | S8: 3
A9: 3176 | B9: =YEAR(Cleaned_HR_Data_Analysis__2[[#This Row],[Joining_Date]]) -> 2018 | C9: 43447 | D9: {=_xlfn.IFS(E9<28, "17-27", AND(E9>27, E9<38), "28-37", AND(E9>37, E9 <48), "38-47", AND(E9>47, E9 <58), "48-57", AND(E9>57, E9<68), "58-67", AND(E9>67, E9<78), "68-77", E9>77,"Above than 77")} -> 17-27 | E9: 18 | F9: 36580 | G9: =VLOOKUP(H9,Table7[#All], 2, FALSE) -> Massachusetts | H9: MA | I9: Female | J9: Widowed | K9: Production Technician I | L9: Active | M9: Full-Time | N9: Zone A | O9: Production | P9: Project Management - Con | Q9: Other | R9: Exceeds | S9: 3
A10: 2125 | B10: =YEAR(Cleaned_HR_Data_Analysis__2[[#This Row],[Joining_Date]]) -> 2019 | C10: 43686 | D10: {=_xlfn.IFS(E10<28, "17-27", AND(E10>27, E10<38), "28-37", AND(E10>37, E10 <48), "38-47", AND(E10>47, E10 <58), "48-57", AND(E10>57, E10<68), "58-67", AND(E10>67, E10<78), "68-77", E10>77,"Above than 77")} -> 17-27 | E10: 18 | F10: 37041 | G10: =VLOOKUP(H10,Table7[#All], 2, FALSE) -> Massachusetts | H10: MA | I10: Female | J10: Divorced | K10: Production Technician I | L10: Active | M10: Full-Time | N10: Zone B | O10: Production | P10: Engineers | Q10: White | R10: Exceeds | S10: 5
A11: 1461 | B11: =YEAR(Cleaned_HR_Data_Analysis__2[[#This Row],[Joining_Date]]) -> 2019 | C11: 43567 | D11: {=_xlfn.IFS(E11<28, "17-27", AND(E11>27, E11<38), "28-37", AND(E11>37, E11 <48), "38-47", AND(E11>47, E11 <58), "48-57", AND(E11>57, E11<68), "58-67", AND(E11>67, E11<78), "68-77", E11>77,"Above than 77")} -> 17-27 | E11: 18 | F11: 36953 | G11: =VLOOKUP(H11,Table7[#All], 2, FALSE) -> Massachusetts | H11: MA | I11: Female | J11: Widowed | K11: Production Technician I | L11: Active | M11: Full-Time | N11: Zone C | O11: Production | P11: Project Management - Con | Q11: Asian | R11: Exceeds | S11: 1
A12: 1418 | B12: =YEAR(Cleaned_HR_Data_Analysis__2[[#This Row],[Joining_Date]]) -> 2018 | C12: 43369 | D12: {=_xlfn.IFS(E12<28, "17-27", AND(E12>27, E12<38), "28-37", AND(E12>37, E12 <48), "38-47", AND(E12>47, E12 <58), "48-57", AND(E12>57, E12<68), "58-67", AND(E12>67, E12<78), "68-77", E12>77,"Above than 77")} -> 17-27 | E12: 18 | F12: 36890 | G12: =VLOOKUP(H12,Table7[#All], 2, FALSE) -> Massachusetts | H12: MA | I12: Female | J12: Married | K12: Production Technician I | L12: Active | M12: Part-Time | N12: Zone C | O12: Production | P12: Wireline Construction | Q12: Other | R12: Needs Improvement | S12: 1
A13: 3809 | B13: =YEAR(Cleaned_HR_Data_Analysis__2[[#This Row],[Joining_Date]]) -> 2019 | C13: 43744 | D13: {=_xlfn.IFS(E13<28, "17-27", AND(E13>27, E13<38), "28-37", AND(E13>37, E13 <48), "38-47", AND(E13>47, E13 <58), "48-57", AND(E13>57, E13<68), "58-67", AND(E13>67, E13<78), "68-77", E13>77,"Above than 77")} -> 17-27 | E13: 18 | F13: 36911 | G13: =VLOOKUP(H13,Table7[#All], 2, FALSE) -> Massachusetts | H13: MA | I13: Male | J13: Single | K13: Network Engineer | L13: Active | M13: Part-Time | N13: Zone B | O13: IT/IS | P13: Field Operations | Q13: Hispanic | R13: Fully Meets | S13: 1
... A2846: 1095 | B2846: =YEAR(Cleaned_HR_Data_Analysis__2[[#This Row],[Joining_Date]]) -> 2023 | C2846: 45023 | D2846: {=_xlfn.IFS(E2846<28, "17-27", AND(E2846>27, E2846<38), "28-37", AND(E2846>37, E2846 <48), "38-47", AND(E2846>47, E2846 <58), "48-57", AND(E2846>57, E2846<68), "58-67", AND(E2846>67, E2846<78), "68-77", E2846>77,"Above than 77")} -> Above than 77 | E2846: 82 | F2846: 15308 | G2846: =VLOOKUP(H2846,Table7[#All], 2, FALSE) -> Massachusetts | H2846: MA | I2846: Female | J2846: Divorced | K2846: Production Technician II | L2846: Active | M2846: Full-Time | N2846: Zone A | O2846: Production | P2846: Engineers | Q2846: Hispanic | R2846: Fully Meets | S2846: 2

Sheet 3. Insights
L2: Pivot Table
B3: KPIs | C3: Count | F3: Age Range | G3: No. of Employees | I3: Pay Zone | J3: No. of Employees | L3: Year | M3: No. of Employees Joined
B4: Total no. of employees | C4: =COUNT(Cleaned_HR_Data_Analysis__2[Employee_ID]) -> 2845 | F4: {=_xlfn.UNIQUE(Cleaned_HR_Data_Analysis__2[Age Range])} -> 17-27 | G4: =COUNTIF(Cleaned_HR_Data_Analysis__2[Age Range],'3. Insights'!F4) -> 407 | I4: {=_xlfn.UNIQUE(Cleaned_HR_Data_Analysis__2[PayZone])} -> Zone A | J4: =COUNTIF(Cleaned_HR_Data_Analysis__2[PayZone],'3. Insights'!I4) -> 1013 | L4: 2018 | M4: 248
B5: Terminated Employees | C5: =COUNTIF(Cleaned_HR_Data_Analysis__2[Employee_Status], "Terminated") -> 387 | F5: 28-37 | G5: =COUNTIF(Cleaned_HR_Data_Analysis__2[Age Range],'3. Insights'!F5) -> 453 | I5: Zone C | J5: =COUNTIF(Cleaned_HR_Data_Analysis__2[PayZone],'3. Insights'!I5) -> 898 | L5: 2019 | M5: 560
B6: Active Employees | C6: =COUNTIF(Cleaned_HR_Data_Analysis__2[Employee_Status], "Active") -> 2458 | F6: 38-47 | G6: =COUNTIF(Cleaned_HR_Data_Analysis__2[Age Range],'3. Insights'!F6) -> 490 | I6: Zone B | J6: =COUNTIF(Cleaned_HR_Data_Analysis__2[PayZone],'3. Insights'!I6) -> 934 | L6: 2020 | M6: 560
B7: Males | C7: =COUNTIF(Cleaned_HR_Data_Analysis__2[GenderCode], "Male") -> 1257 | F7: 48-57 | G7: =COUNTIF(Cleaned_HR_Data_Analysis__2[Age Range],'3. Insights'!F7) -> 410 | L7: 2021 | M7: 564
B8: Females | C8: =COUNTIF(Cleaned_HR_Data_Analysis__2[GenderCode], "Female") -> 1588 | F8: 58-67 | G8: =COUNTIF(Cleaned_HR_Data_Analysis__2[Age Range],'3. Insights'!F8) -> 503 | L8: 2022 | M8: 594
B9: No. of employees joined last year (2023) | C9: =COUNTIF(Cleaned_HR_Data_Analysis__2[Joining Year],"2023") -> 319 | F9: 68-77 | G9: =COUNTIF(Cleaned_HR_Data_Analysis__2[Age Range],'3. Insights'!F9) -> 486 | L9: 2023 | M9: 319
F10: Above than 77 | G10: =COUNTIF(Cleaned_HR_Data_Analysis__2[Age Range],'3. Insights'!F10) -> 96
I15: No. of Terminated Employees | J15: Race
B16: No. of Terminated Employees | C16: Gender | F16: Age Range | G16: No. of Terminated Employees | I16: Job Type | J16: {=TRANSPOSE(_xlfn.UNIQUE(Cleaned_HR_Data_Analysis__2[Race]))} -> Black | K16: Other | L16: Asian | M16: White | N16: Hispanic
B17: Department | C17: {=TRANSPOSE(_xlfn.UNIQUE(Cleaned_HR_Data_Analysis__2[GenderCode]))} -> Female | D17: Male | F17: {=_xlfn.UNIQUE(Cleaned_HR_Data_Analysis__2[Age Range])} -> 17-27 | G17: =COUNTIFS(Cleaned_HR_Data_Analysis__2[Age Range], F17,Cleaned_HR_Data_Analysis__2[Employee_Status], "Terminated") -> 53 | I17: {=_xlfn.UNIQUE(Cleaned_HR_Data_Analysis__2[Job_Type])} -> Part-Time | J17: {=COUNTIFS(Cleaned_HR_Data_Analysis__2[Job_Type], $I17, Cleaned_HR_Data_Analysis__2[Race], TRANSPOSE(J$16), Cleaned_HR_Data_Analysis__2[Employee_Status],"Terminated")} -> 21 | K17: {=COUNTIFS(Cleaned_HR_Data_Analysis__2[PayZone], $I17, Cleaned_HR_Data_Analysis__2[Performance_Score], TRANSPOSE(K$16), Cleaned_HR_Data_Analysis__2[Job_Type],"Terminated")} -> 0 | L17: {=COUNTIFS(Cleaned_HR_Data_Analysis__2[DepartmentType], $I17, Cleaned_HR_Data_Analysis__2[Satisfaction_Score], TRANSPOSE(L$16), Cleaned_HR_Data_Analysis__2[PayZone],"Terminated")} -> 0 | M17: {=COUNTIFS(Cleaned_HR_Data_Analysis__2[Division], $I17, Cleaned_HR_Data_Analysis__2[Employee_ID], TRANSPOSE(M$16), Cleaned_HR_Data_Analysis__2[DepartmentType],"Terminated")} -> 0 | N17: {=COUNTIFS(Cleaned_HR_Data_Analysis__2[Race], $I17, Cleaned_HR_Data_Analysis__2[Joining Year], TRANSPOSE(N$16), Cleaned_HR_Data_Analysis__2[Division],"Terminated")} -> 0
B18: {=_xlfn.UNIQUE(Cleaned_HR_Data_Analysis__2[DepartmentType])} -> Production | C18: {=COUNTIFS(Cleaned_HR_Data_Analysis__2[DepartmentType], B18, Cleaned_HR_Data_Analysis__2[GenderCode],_xlfn.ANCHORARRAY( '3. Insights'!C$17))} -> 1190 | D18: 720 | F18: 28-37 | G18: =COUNTIFS(Cleaned_HR_Data_Analysis__2[Age Range], F18,Cleaned_HR_Data_Analysis__2[Employee_Status], "Terminated") -> 66 | I18: Full-Time | J18: {=COUNTIFS(Cleaned_HR_Data_Analysis__2[Job_Type], $I18, Cleaned_HR_Data_Analysis__2[Race], TRANSPOSE(J$16), Cleaned_HR_Data_Analysis__2[Employee_Status],"Terminated")} -> 23 | K18: {=COUNTIFS(Cleaned_HR_Data_Analysis__2[PayZone], $I18, Cleaned_HR_Data_Analysis__2[Performance_Score], TRANSPOSE(K$16), Cleaned_HR_Data_Analysis__2[Job_Type],"Terminated")} -> 0 | L18: {=COUNTIFS(Cleaned_HR_Data_Analysis__2[DepartmentType], $I18, Cleaned_HR_Data_Analysis__2[Satisfaction_Score], TRANSPOSE(L$16), Cleaned_HR_Data_Analysis__2[PayZone],"Terminated")} -> 0 | M18: {=COUNTIFS(Cleaned_HR_Data_Analysis__2[Division], $I18, Cleaned_HR_Data_Analysis__2[Employee_ID], TRANSPOSE(M$16), Cleaned_HR_Data_Analysis__2[DepartmentType],"Terminated")} -> 0 | N18: {=COUNTIFS(Cleaned_HR_Data_Analysis__2[Race], $I18, Cleaned_HR_Data_Analysis__2[Joining Year], TRANSPOSE(N$16), Cleaned_HR_Data_Analysis__2[Division],"Terminated")} -> 0
B19: IT/IS | C19: {=COUNTIFS(Cleaned_HR_Data_Analysis__2[DepartmentType], B19, Cleaned_HR_Data_Analysis__2[GenderCode],_xlfn.ANCHORARRAY( '3. Insights'!C$17))} -> 199 | D19: 210 | F19: 38-47 | G19: =COUNTIFS(Cleaned_HR_Data_Analysis__2[Age Range], F19,Cleaned_HR_Data_Analysis__2[Employee_Status], "Terminated") -> 67 | I19: Contract | J19: {=COUNTIFS(Cleaned_HR_Data_Analysis__2[Job_Type], $I19, Cleaned_HR_Data_Analysis__2[Race], TRANSPOSE(J$16), Cleaned_HR_Data_Analysis__2[Employee_Status],"Terminated")} -> 25 | K19: {=COUNTIFS(Cleaned_HR_Data_Analysis__2[PayZone], $I19, Cleaned_HR_Data_Analysis__2[Performance_Score], TRANSPOSE(K$16), Cleaned_HR_Data_Analysis__2[Job_Type],"Terminated")} -> 0 | L19: {=COUNTIFS(Cleaned_HR_Data_Analysis__2[DepartmentType], $I19, Cleaned_HR_Data_Analysis__2[Satisfaction_Score], TRANSPOSE(L$16), Cleaned_HR_Data_Analysis__2[PayZone],"Terminated")} -> 0 | M19: {=COUNTIFS(Cleaned_HR_Data_Analysis__2[Division], $I19, Cleaned_HR_Data_Analysis__2[Employee_ID], TRANSPOSE(M$16), Cleaned_HR_Data_Analysis__2[DepartmentType],"Terminated")} -> 0 | N19: {=COUNTIFS(Cleaned_HR_Data_Analysis__2[Race], $I19, Cleaned_HR_Data_Analysis__2[Joining Year], TRANSPOSE(N$16), Cleaned_HR_Data_Analysis__2[Division],"Terminated")} -> 0
B20: Sales | C20: {=COUNTIFS(Cleaned_HR_Data_Analysis__2[DepartmentType], B20, Cleaned_HR_Data_Analysis__2[GenderCode],_xlfn.ANCHORARRAY( '3. Insights'!C$17))} -> 109 | D20: 202 | F20: 48-57 | G20: =COUNTIFS(Cleaned_HR_Data_Analysis__2[Age Range], F20,Cleaned_HR_Data_Analysis__2[Employee_Status], "Terminated") -> 56
B21: Software Engineering | C21: {=COUNTIFS(Cleaned_HR_Data_Analysis__2[DepartmentType], B21, Cleaned_HR_Data_Analysis__2[GenderCode],_xlfn.ANCHORARRAY( '3. Insights'!C$17))} -> 46 | D21: 66 | F21: 58-67 | G21: =COUNTIFS(Cleaned_HR_Data_Analysis__2[Age Range], F21,Cleaned_HR_Data_Analysis__2[Employee_Status], "Terminated") -> 65
B22: Admin Offices | C22: {=COUNTIFS(Cleaned_HR_Data_Analysis__2[DepartmentType], B22, Cleaned_HR_Data_Analysis__2[GenderCode],_xlfn.ANCHORARRAY( '3. Insights'!C$17))} -> 43 | D22: 36 | F22: 68-77 | G22: =COUNTIFS(Cleaned_HR_Data_Analysis__2[Age Range], F22,Cleaned_HR_Data_Analysis__2[Employee_Status], "Terminated") -> 73
B23: Executive Office | C23: {=COUNTIFS(Cleaned_HR_Data_Analysis__2[DepartmentType], B23, Cleaned_HR_Data_Analysis__2[GenderCode],_xlfn.ANCHORARRAY( '3. Insights'!C$17))} -> 1 | D23: 23 | F23: Above than 77 | G23: =COUNTIFS(Cleaned_HR_Data_Analysis__2[Age Range], F23,Cleaned_HR_Data_Analysis__2[Employee_Status], "Terminated") -> 7

Sheet 4. Dashboard

Sheet States-LookupTable
A1: State Short Form | B1: Full Name
A2: AL | B2: Alabama
A3: AK | B3: Alaska
A4: AZ | B4: Arizona
A5: AR | B5: Arkansas
A6: CA | B6: California
A7: CO | B7: Colorado
A8: CT | B8: Connecticut
A9: DE | B9: Delaware
A10: FL | B10: Florida
A11: GA | B11: Georgia
A12: HI | B12: Hawaii
... A51: WY | B51: Wyoming
